,text,emb_dict,onset_time,offset_time,tr
0,So,so,3.59,3.61,5.0
1,I’m,i'm,25.91,26.14,20.0
2,um,um,26.139999,26.679999,20.0
3,five,five,27.05,27.36,21.0
4,thousand,thousand,27.36,27.67,21.0
5,feet,feet,27.67,27.98,21.0
6,above,above,28.059999,28.559999,21.0
7,Albany,albany,28.65,29.11,22.0
8,on,on,29.15,29.29,22.0
9,just,just,29.29,29.43,22.0
10,a,a,29.429999,29.469999,22.0
11,perfect,perfect,29.469999,29.789999,22.0
12,day,day,29.79,30.03,22.0
13,beautiful,beautiful,30.03,30.33,23.0
14,blue,blue,30.33,30.59,23.0
15,sky,sky,30.59,30.96,23.0
16,not,not,30.98,31.13,23.0
17,a,a,31.13,31.17,23.0
18,cloud,cloud,31.17,31.41,23.0
19,in,in,31.41,31.47,23.0
20,the,the,31.469999,31.569999,23.0
21,sky,sky,31.57,31.88,24.0
22,I,I,31.7,31.7,24.0
23,can,can,31.99,32.11,24.0
24,see,see,32.11,32.44,24.0
25,the,the,32.66,32.78,24.0
26,horizon,horizon,32.78,33.39,24.0
27,in,in,33.4,33.54,25.0
28,every,every,33.54,33.76,25.0
29,direction,direction,33.759999,34.309999,25.0
30,when,when,34.879999,35.179999,26.0
31,the,the,35.18,35.48,26.0
32,uh,uh,35.48,35.63,26.0
33,girl,girl,35.65,35.99,26.0
34,who,who,35.99,36.05,26.0
35,just,just,36.049999,36.259999,27.0
36,pushed,pushed,36.26,36.48,27.0
37,me,me,36.48,36.62,27.0
38,out,out,36.62,36.69,27.0
39,of,of,36.690001,36.790001,27.0
40,the,the,36.8,36.92,27.0
41,airplane,airplane,36.92,37.49,27.0
42,screams,screams,37.5,38.02,28.0
43,Wait,wait,38.02,38.36,28.0
44,wait,wait,38.36,38.64,28.0
45,your,your,38.65,38.87,28.0
46,chute,<unk>,38.87,39.41,28.0
47,It’s,it's,45.4,46.15,33.0
48,And,and,47.94,48.61,34.0
49,um,um,48.65,49.32,35.0
50,and,and,49.549999,49.709999,36.0
51,she’s,she's,49.71,49.87,36.0
52,gone,gone,49.87,50.15,36.0
53,with,with,50.16,50.29,36.0
54,the,the,50.29,50.34,36.0
55,plane,plane,50.34,50.64,36.0
56,Um,um,50.969999,51.479999,36.0
57,I,i,52.809999,52.909999,38.0
58,don’t,don't,52.91,53.05,38.0
59,think,think,53.049999,53.289999,38.0
60,the,the,53.299999,53.569999,38.0
61,sentence,sentence,53.59,53.93,38.0
62,ends,ends,53.959999,54.299999,38.0
63,you,you,54.299999,54.389999,39.0
64,know,know,54.4,54.51,39.0
65,functioning,functioning,54.51,54.93,39.0
66,properly,properly,54.93,55.45,39.0
67,have,have,55.46,55.61,39.0
68,a,a,55.61,55.65,40.0
69,great,great,55.65,55.89,40.0
70,jump,jump,55.89,56.15,40.0
71,Um,um,57.34,57.86,41.0
72,I,i,57.87,57.92,41.0
73,think,think,57.93,58.1,41.0
74,it,it,58.1,58.19,41.0
75,ends,ends,58.19,58.53,41.0
76,worse,worse,58.56,59.18,42.0
77,Um,um,59.39,59.9,42.0
78,I,i,59.9,59.94,42.0
79,don’t,don't,59.94,60.04,42.0
80,know,know,60.04,60.14,43.0
81,a,a,60.14,60.2,43.0
82,lot,lot,60.2,60.37,43.0
83,about,about,60.37,60.54,43.0
84,skydiving,skydiving,60.54,61.14,43.0
85,but,but,61.45,61.88,43.0
86,um,um,61.88,62.21,44.0
87,I,i,62.23,62.29,44.0
88,would,would,62.29,62.45,44.0
89,think,think,62.46,62.91,44.0
90,that,that,62.929999,63.229999,44.0
91,you,you,63.26,63.41,45.0
92,know,know,63.41,63.68,45.0
93,a,a,63.69,64.08,45.0
94,a,a,63.69,64.08,45.0
95,working,working,64.09,64.46,45.0
96,chute,<unk>,64.469999,64.749999,45.0
97,lends,lends,64.77,65.05,46.0
98,to,to,65.05,65.18,46.0
99,a,a,65.179999,65.239999,46.0
100,better,better,65.24,65.56,46.0
101,a,a,66.04,66.12,47.0
102,better,better,66.12,66.33,47.0
103,jump,jump,66.33,66.79,47.0
104,especially,especially,66.88,67.46,47.0
105,towards,towards,67.66,67.9,48.0
106,the,the,67.9,68.04,48.0
107,end,end,68.04,68.5,48.0
108,So,so,70.25,70.27,49.0
109,what,what,70.27,70.42,49.0
110,happened,happened,70.43,70.76,49.0
111,was,was,70.76,70.93,50.0
112,I,i,70.93,70.98,50.0
113,was,was,70.98,71.07,50.0
114,in,in,71.07,71.15,50.0
115,my,my,71.15,71.24,50.0
116,forties,forties,71.24,71.59,50.0
117,suddenly,suddenly,71.6,72.11,50.0
118,surprisingly,surprisingly,72.35,73.06,51.0
119,and,and,73.6,74.01,52.0
120,um,um,74.01,74.57,52.0
121,I,i,74.71,75.05,52.0
122,didn’t,didn't,76.2,76.37,53.0
123,want,want,76.37,76.5,53.0
124,to,to,76.5,76.52,54.0
125,be,be,76.52,76.63,54.0
126,one,one,76.63,76.73,54.0
127,of,of,76.73,76.82,54.0
128,those,those,76.82,76.96,54.0
129,kind,kind,76.96,77.14,54.0
130,of,of,77.14,77.36,54.0
131,uh,uh,77.36,77.7,54.0
132,midlife,midlife,77.71,78.08,54.0
133,crisis,crisis,78.08,78.46,55.0
134,guys,guys,78.46,78.73,55.0
135,who,who,78.73,78.81,55.0
136,runs,runs,78.81,79.08,55.0
137,out,out,79.08,79.21,55.0
138,and,and,79.21,79.31,55.0
139,gets,gets,79.31,79.46,55.0
140,a,a,79.46,79.52,55.0
141,convertible,convertible,79.52,80.16,56.0
142,Besides,besides,81.03,81.59,57.0
143,who,who,81.599999,81.749999,57.0
144,needs,needs,81.75,81.96,57.0
145,two,two,81.96,82.11,57.0
146,convertibles,convertibles,82.11,82.93,57.0
147,And,and,84.74,85.12,59.0
148,I,i,86.759999,87.109999,60.0
149,um,um,87.11,87.69,61.0
150,you,you,87.79,87.95,61.0
151,know,know,87.95,88.24,61.0
152,I,i,88.25,88.32,61.0
153,had,had,88.32,88.42,61.0
154,already,already,88.42,88.63,61.0
155,gotten,gotten,88.629999,88.809999,62.0
156,divorced,divorced,88.809999,89.209999,62.0
157,so,so,89.209999,89.309999,62.0
158,that,that,89.309999,89.449999,62.0
159,was,was,89.449999,89.589999,62.0
160,already,already,89.59,89.79,62.0
161,checked,checked,89.789999,90.169999,62.0
162,off,off,90.17,90.55,63.0
163,Uh,uh,91.53,91.96,64.0
164,but,but,92.28,92.38,64.0
165,I,i,92.38,92.44,64.0
166,needed,needed,92.44,92.63,64.0
167,to,to,92.64,92.73,64.0
168,do,do,92.73,92.9,64.0
169,something,something,92.9,93.39,64.0
170,so,so,93.39,93.49,65.0
171,I,i,93.49,93.54,65.0
172,went,went,93.54,93.74,65.0
173,to,to,93.74,93.83,65.0
174,like,like,93.83,93.99,65.0
175,cliche,cliche,93.99,94.43,65.0
176,number,number,94.43,94.69,65.0
177,three,three,94.69,95.11,66.0
178,and,and,95.45,95.63,66.0
179,I,i,95.63,95.69,66.0
180,drive,drive,95.69,96.07,66.0
181,upstate,upstate,96.09,96.61,67.0
182,to,to,96.62,96.76,67.0
183,this,this,96.76,97.26,67.0
184,skydiving,skydiving,97.32,98.04,67.0
185,academy,academy,98.04,98.72,68.0
186,uh,uh,99.86,100.15,69.0
187,near,near,100.15,100.37,69.0
188,Albany,albany,100.37,100.86,69.0
189,for,for,100.9,101.03,70.0
190,my,my,101.03,101.18,70.0
191,meeting,meeting,101.179999,101.669999,70.0
192,with,with,101.679999,102.089999,70.0
193,um,um,102.13,102.26,71.0
194,my,my,102.3,102.41,71.0
195,meeting,meeting,102.41,102.71,71.0
196,with,with,102.71,102.92,71.0
197,um,um,102.96,103.23,71.0
198,Annette,annette,103.27,103.88,71.0
199,the,the,103.95,104.34,72.0
200,school’s,school's,104.36,104.94,72.0
201,bare,bare,105.179999,105.389999,73.0
202,bellied,bellied,105.389999,105.779999,73.0
203,khaki,khaki,105.78,106.06,73.0
204,shorted,<unk>,106.07,106.44,73.0
205,you,you,106.48,106.58,73.0
206,know,know,106.58,106.7,74.0
207,tan,tan,106.699999,106.999999,74.0
208,shouldered,<unk>,107.01,107.48,74.0
209,senior,senior,107.66,108.29,74.0
210,instructor,instructor,108.48,108.99,75.0
211,She,she,109.01,109.08,75.0
212,was,was,109.08,109.16,75.0
213,nineteen,nineteen,109.16,109.48,75.0
214,years,years,109.48,109.7,75.0
215,old,old,109.7,109.97,76.0
216,Um,um,111.65,112.26,77.0
217,um,um,112.61,113.17,78.0
218,she,she,113.19,113.56,78.0
219,was,was,113.56,113.73,78.0
220,like,like,113.73,113.9,78.0
221,petite,petite,114.69,114.98,79.0
222,I,i,115.15,115.23,79.0
223,could,could,115.23,115.35,79.0
224,have,have,115.35,115.44,79.0
225,folded,folded,115.44,115.74,79.0
226,her,her,115.74,115.82,80.0
227,up,up,115.82,115.94,80.0
228,and,and,115.94,116.02,80.0
229,put,put,116.02,116.13,80.0
230,her,her,116.13,116.2,80.0
231,in,in,116.2,116.2,80.0
232,my,my,116.26,116.38,80.0
233,pocket,pocket,116.38,116.73,80.0
234,She,she,116.73,116.83,80.0
235,looked,looked,116.83,116.98,80.0
236,like,like,116.98,117.06,80.0
237,a,a,117.0,117.0,81.0
238,a,a,117.059999,117.149999,81.0
239,lowercase,<unk>,117.15,117.94,81.0
240,i,i,117.98,118.24,81.0
241,with,with,118.24,118.4,81.0
242,a,a,118.4,118.46,81.0
243,smiley,smiley,118.46,118.81,81.0
244,face,face,118.809999,119.059999,82.0
245,dot,dot,119.059999,119.319999,82.0
246,for,for,120.52,120.69,83.0
247,a,a,120.69,120.73,83.0
248,head,head,120.73,121.14,83.0
249,which,which,121.309999,121.509999,83.0
250,made,made,121.509999,121.719999,84.0
251,me,me,121.719999,121.859999,84.0
252,feel,feel,121.86,122.09,84.0
253,like,like,122.0,122.0,84.0
254,a,a,122.09,122.25,84.0
255,capital,capital,122.25,122.68,84.0
256,O,o,122.679999,122.909999,84.0
257,standing,standing,122.91,123.34,84.0
258,next,next,123.339999,123.559999,85.0
259,to,to,123.559999,123.649999,85.0
260,her,her,123.65,123.91,85.0
261,Um,um,124.24,124.66,85.0
262,but,but,124.66,124.81,86.0
263,she,she,124.809999,124.879999,86.0
264,was,was,124.879999,125.019999,86.0
265,a,a,125.029999,125.039999,86.0
266,professional,professional,125.039999,125.689999,86.0
267,so,so,125.779999,125.919999,86.0
268,the,the,125.92,126.01,86.0
269,first,first,126.01,126.23,87.0
270,thing,thing,126.23,126.35,87.0
271,she,she,126.35,126.45,87.0
272,did,did,126.45,126.6,87.0
273,was,was,126.6,126.7,87.0
274,shake,shake,126.7,126.94,87.0
275,my,my,126.94,127.07,87.0
276,hand,hand,127.07,127.38,87.0
277,but,but,127.38,127.47,87.0
278,then,then,127.47,127.57,87.0
279,she,she,127.57,127.68,88.0
280,put,put,127.68,127.82,88.0
281,her,her,127.82,127.93,88.0
282,arm,arm,127.93,128.2,88.0
283,through,through,128.2,128.55,88.0
284,mine,mine,128.57,129.02,88.0
285,and,and,129.25,129.44,89.0
286,squeezed,squeezed,129.44,129.89,89.0
287,it,it,129.89,130.01,89.0
288,a,a,130.02,130.09,89.0
289,little,little,130.09,130.28,89.0
290,bit,bit,130.28,130.5,89.0
291,and,and,130.75,130.94,90.0
292,said,said,130.94,131.16,90.0
293,This,this,131.2,131.31,90.0
294,is,is,131.31,131.45,90.0
295,going,going,131.45,131.56,90.0
296,to,to,131.56,131.59,90.0
297,be,be,131.59,131.75,90.0
298,awesome,awesome,131.78,132.26,90.0
299,And,and,133.84,133.99,92.0
300,then,then,133.99,134.08,92.0
301,she,she,134.08,134.22,92.0
302,led,led,134.22,134.41,92.0
303,me,me,134.41,134.52,92.0
304,into,into,134.52,134.66,92.0
305,the,the,134.66,134.79,92.0
306,office,office,134.79,135.18,92.0
307,which,which,135.179999,135.379999,93.0
308,looked,looked,135.38,135.59,93.0
309,like,like,135.59,135.69,93.0
310,it,it,135.7,135.7,93.0
311,had,had,135.8,135.8,93.0
312,been,been,135.9,135.9,93.0
313,kind,kind,136.03,136.19,93.0
314,of,of,136.19,136.47,93.0
315,delivered,delivered,136.51,137.15,94.0
316,on,on,137.19,137.52,94.0
317,the,the,137.52,137.59,94.0
318,back,back,137.599999,137.769999,94.0
319,of,of,137.77,137.86,94.0
320,a,a,137.86,137.94,94.0
321,flatbed,flatbed,137.94,138.37,94.0
322,truck,truck,138.37,138.76,95.0
323,and,and,139.0,139.37,95.0
324,um,um,139.37,139.84,95.0
325,like,like,139.849999,140.029999,96.0
326,they,they,140.03,140.14,96.0
327,dropped,dropped,140.139999,140.419999,96.0
328,it,it,140.42,140.5,96.0
329,on,on,140.5,140.6,96.0
330,its,its,140.599999,140.749999,96.0
331,corner,corner,140.75,141.12,96.0
332,when,when,141.12,141.27,97.0
333,they,they,141.27,141.35,97.0
334,unloaded,unloaded,141.349999,141.829999,97.0
335,it,it,141.83,142.01,97.0
336,We,we,142.35,142.49,97.0
337,go,go,142.49,142.51,97.0
338,inside,inside,142.51,142.85,98.0
339,the,the,142.85,142.87,98.0
340,office,office,143.27,143.66,98.0
341,and,and,143.68,143.92,98.0
342,the,the,143.92,144.01,98.0
343,first,first,144.01,144.21,99.0
344,thing,thing,144.209999,144.349999,99.0
345,she,she,144.35,144.49,99.0
346,says,says,144.49,144.75,99.0
347,is,is,144.75,144.97,99.0
348,that,that,145.03,145.17,99.0
349,I,i,145.17,145.2,99.0
350,have,have,145.2,145.36,99.0
351,pretty,pretty,145.36,145.63,99.0
352,eyes,eyes,145.63,146.11,100.0
353,and,and,147.62,147.79,101.0
354,then,then,147.79,147.89,101.0
355,she,she,147.89,148.04,101.0
356,hands,hands,148.04,148.26,101.0
357,me,me,148.26,148.36,101.0
358,the,the,148.36,148.45,101.0
359,liability,liability,148.45,149.13,101.0
360,waiver,waiver,149.13,149.56,102.0
361,Um,um,150.83,151.32,103.0
362,it,it,152.72,152.89,104.0
363,was,was,152.889999,153.249999,104.0
364,an,an,153.37,153.5,105.0
365,extremely,extremely,153.5,154.08,105.0
366,Darwinian,darwinian,154.08,154.8,105.0
367,moment,moment,154.809999,155.259999,106.0
368,for,for,155.27,155.55,106.0
369,me,me,155.55,155.79,106.0
370,uh,uh,155.84,156.28,106.0
371,because,because,156.34,156.45,107.0
372,what,what,156.45,156.55,107.0
373,I,i,156.55,156.59,107.0
374,should,should,156.599999,156.719999,107.0
375,have,have,156.719999,156.839999,107.0
376,done,done,156.84,156.99,107.0
377,was,was,156.99,157.12,107.0
378,you,you,157.16,157.23,107.0
379,know,know,157.23,157.42,107.0
380,drive,drive,157.57,158.37,108.0
381,away,away,158.37,158.84,108.0
382,and,and,158.839999,158.969999,108.0
383,do,do,158.969999,159.099999,108.0
384,something,something,159.099999,159.419999,109.0
385,I,i,159.42,159.46,109.0
386,was,was,159.46,159.57,109.0
387,more,more,159.57,159.73,109.0
388,well,well,159.73,159.9,109.0
389,adapted,adapted,159.9,160.38,109.0
390,to,to,160.379999,160.449999,109.0
391,doing,doing,160.449999,160.819999,109.0
392,like,like,160.82,161.01,110.0
393,you,you,161.029999,161.139999,110.0
394,know,know,161.139999,161.239999,110.0
395,driving,driving,161.24,161.79,110.0
396,But,but,162.37,162.72,111.0
397,I,i,162.9,163.38,111.0
398,um,um,163.42,164.02,111.0
399,um,um,164.12,164.53,112.0
400,I,i,164.66,164.86,112.0
401,signed,signed,164.86,165.36,112.0
402,it,it,165.36,165.57,113.0
403,because,because,165.57,166.2,113.0
404,uh,uh,166.24,166.41,113.0
405,she,she,166.41,166.66,113.0
406,told,told,166.66,166.88,114.0
407,me,me,166.88,166.99,114.0
408,I,i,166.99,167.0,114.0
409,had,had,167.01,167.18,114.0
410,pretty,pretty,167.18,167.45,114.0
411,eyes,eyes,167.45,167.86,114.0
412,But,but,168.65,168.8,115.0
413,I,i,168.8,168.84,115.0
414,wanted,wanted,168.84,169.14,115.0
415,her,her,169.14,169.23,115.0
416,to,to,169.23,169.32,115.0
417,know,know,169.32,169.47,115.0
418,that,that,169.47,169.56,115.0
419,I,I,169.6,169.6,116.0
420,was,was,169.65,169.78,116.0
421,more,more,169.78,170.03,116.0
422,than,than,170.03,170.17,116.0
423,just,just,170.17,170.32,116.0
424,a,a,170.32,170.35,116.0
425,pair,pair,170.349999,170.489999,116.0
426,of,of,170.49,170.56,116.0
427,pretty,pretty,170.61,170.81,116.0
428,eyes,eyes,170.809999,171.359999,116.0
429,uh,uh,171.41,171.76,117.0
430,that,that,171.78,171.96,117.0
431,I,i,171.96,172.02,117.0
432,you,you,172.02,172.18,117.0
433,know,know,172.179999,172.299999,117.0
434,had,had,172.309999,172.599999,117.0
435,the,the,172.61,172.76,118.0
436,right,right,172.76,173.02,118.0
437,stuff,stuff,173.03,173.58,118.0
438,So,so,173.62,173.96,118.0
439,I,i,174.559999,174.679999,119.0
440,sign,sign,174.679999,174.989999,119.0
441,it,it,174.99,175.21,119.0
442,and,and,175.27,175.49,119.0
443,then,then,175.49,175.74,119.0
444,uh,uh,175.74,175.91,120.0
445,she,she,175.98,176.05,120.0
446,takes,takes,176.049999,176.239999,120.0
447,me,me,176.24,176.4,120.0
448,back,back,176.429999,176.739999,120.0
449,outside,outside,176.759999,177.319999,120.0
450,and,and,177.32,177.45,121.0
451,while,while,177.45,177.71,121.0
452,the,the,177.719999,177.889999,121.0
453,pilot,pilot,177.9,178.39,121.0
454,and,and,178.41,178.64,121.0
455,I,I,178.5,178.5,122.0
456,don’t,don't,178.6,178.6,122.0
457,know,know,178.83,178.99,122.0
458,his,his,178.99,179.14,122.0
459,homeroom,<unk>,179.139999,179.609999,122.0
460,teacher,teacher,179.65,180.13,122.0
461,are,are,180.299999,180.409999,123.0
462,playing,playing,180.41,180.7,123.0
463,hacky,<unk>,180.71,181.08,123.0
464,sack,sack,181.09,181.55,123.0
465,out,out,182.11,182.45,124.0
466,on,on,183.45,183.61,125.0
467,the,the,183.61,183.72,125.0
468,runway,runway,183.72,184.35,125.0
469,uh,uh,186.18,186.5,127.0
470,she,she,186.73,187.01,127.0
471,says,says,187.02,187.32,127.0
472,we’re,we're,187.32,187.44,127.0
473,going,going,187.44,187.53,127.0
474,to,to,187.53,187.61,128.0
475,start,start,187.62,188.06,128.0
476,with,with,188.099999,188.369999,128.0
477,the,the,188.389999,188.619999,128.0
478,landing,landing,188.65,189.23,128.0
479,because,because,189.23,189.48,129.0
480,that’s,that's,189.48,189.73,129.0
481,the,the,189.73,189.87,129.0
482,important,important,189.87,190.34,129.0
483,part,part,190.38,190.79,129.0
484,And,and,191.19,191.3,130.0
485,then,en,191.2,191.2,130.0
486,she,she,191.38,191.49,130.0
487,pokes,pokes,191.49,191.68,130.0
488,me,me,191.679999,191.809999,130.0
489,in,in,191.7,191.7,130.0
490,the,the,191.82,191.91,130.0
491,ribs,ribs,191.91,192.36,130.0
492,and,and,192.599999,192.799999,131.0
493,she,she,192.799999,192.949999,131.0
494,says,says,192.95,193.34,131.0
495,you,you,193.34,193.45,131.0
496,know,know,193.45,193.58,131.0
497,it’s,it's,193.59,193.66,132.0
498,not,not,193.66,193.79,132.0
499,the,the,193.79,193.87,132.0
500,fall,fall,193.87,194.16,132.0
501,that,that,194.17,194.32,132.0
502,gets,gets,194.32,194.57,132.0
503,you,you,194.57,194.8,132.0
504,it’s,it's,194.799999,194.919999,132.0
505,the,the,194.92,195.04,132.0
506,sudden,sudden,195.04,195.36,133.0
507,stop,stop,195.36,195.85,133.0
508,And,and,195.849999,195.989999,133.0
509,she,she,195.99,196.13,133.0
510,giggles,giggles,196.129999,196.519999,133.0
511,because,because,196.52,196.76,134.0
512,it’s,it's,196.76,196.92,134.0
513,a,a,196.92,197.02,134.0
514,joke,joke,197.02,197.58,134.0
515,Not,not,198.16,198.48,135.0
516,the,the,198.48,198.58,135.0
517,funniest,funniest,198.58,198.98,135.0
518,joke,joke,198.98,199.3,135.0
519,I’ve,i've,199.35,199.51,135.0
520,ever,ever,199.51,199.69,136.0
521,heard,heard,199.69,200.03,136.0
522,She,she,201.04,201.25,137.0
523,kicks,kicks,201.25,201.5,137.0
524,over,over,201.5,201.73,137.0
525,a,a,201.73,201.8,137.0
526,blue,blue,201.8,202.25,137.0
527,plastic,plastic,202.27,202.78,137.0
528,milk,milk,202.8,203.06,138.0
529,crate,crate,203.06,203.36,138.0
530,about,about,203.39,203.62,138.0
531,a,a,203.62,203.69,138.0
532,about,about,203.7,203.7,138.0
533,a,a,204.08,204.09,139.0
534,foot,foot,204.09,204.35,139.0
535,tall,tall,204.35,204.76,139.0
536,and,and,204.77,204.8,139.0
537,she,she,204.83,204.94,139.0
538,tells,tells,204.94,205.08,139.0
539,me,me,205.08,205.15,139.0
540,to,to,205.35,205.48,139.0
541,hop,hop,205.48,205.76,139.0
542,up,up,205.76,206.06,140.0
543,and,and,206.45,206.65,140.0
544,she,she,206.65,206.8,140.0
545,tells,tells,206.8,207.08,140.0
546,me,me,207.08,207.3,141.0
547,uh,uh,207.349999,207.519999,141.0
548,to,to,207.55,207.68,141.0
549,jump,jump,207.679999,207.949999,141.0
550,off,off,207.969999,208.159999,141.0
551,of,of,208.16,208.29,141.0
552,it,it,208.29,208.58,141.0
553,and,and,208.74,208.87,142.0
554,I,i,208.87,208.96,142.0
555,jump,jump,208.98,209.2,142.0
556,off,off,209.21,209.39,142.0
557,of,of,209.389999,209.509999,142.0
558,it,it,209.509999,209.689999,142.0
559,and,and,209.86,210.0,142.0
560,my,my,210.0,210.09,143.0
561,feet,feet,210.09,210.36,143.0
562,raise,raise,210.36,210.72,143.0
563,these,these,210.719999,210.919999,143.0
564,two,two,210.929999,211.109999,143.0
565,little,little,211.11,211.31,143.0
566,kind,kind,211.309999,211.489999,143.0
567,of,of,211.49,211.62,143.0
568,dust,dust,211.639999,211.889999,144.0
569,clouds,clouds,211.92,212.39,144.0
570,like,like,212.389999,212.599999,144.0
571,Neil,neil,212.599999,212.899999,144.0
572,Armstrong,armstrong,212.9,213.69,144.0
573,And,and,214.209999,214.669999,145.0
574,she,she,214.690001,214.880001,146.0
575,gives,gives,214.879999,215.029999,146.0
576,me,me,215.029999,215.119999,146.0
577,the,the,215.119999,215.239999,146.0
578,thumbs,thumbs,215.24,215.54,146.0
579,up,up,215.539999,215.769999,146.0
580,like,like,215.789999,216.039999,146.0
581,I’ve,i've,216.039999,216.169999,147.0
582,got,got,216.17,216.32,147.0
583,the,the,216.33,216.45,147.0
584,right,right,216.45,216.66,147.0
585,stuff,stuff,216.66,217.22,147.0
586,And,and,218.53,218.75,148.0
587,then,then,218.75,219.03,148.0
588,she,she,219.04,219.31,149.0
589,says,says,219.31,219.58,149.0
590,We’re,we're,219.58,219.67,149.0
591,going,going,219.67,219.76,149.0
592,to,to,219.76,219.83,149.0
593,do,do,219.83,220.0,149.0
594,a,a,220.0,220.02,149.0
595,I’m,I’m,220.1,220.1,149.0
596,going,going,220.2,220.2,149.0
597,to,to,220.48,220.5,149.0
598,teach,teach,220.5,220.67,150.0
599,you,you,220.67,220.72,150.0
600,how,how,220.72,220.8,150.0
601,to,to,220.8,220.87,150.0
602,do,do,220.87,221.08,150.0
603,a,a,220.9,220.9,150.0
604,a,a,221.13,221.28,150.0
605,drop,drop,221.28,221.52,150.0
606,and,and,221.52,221.63,150.0
607,roll,roll,221.63,222.07,150.0
608,which,which,222.5,222.67,151.0
609,is,is,222.67,222.75,151.0
610,this,this,222.75,222.83,151.0
611,maneuver,maneuver,222.89,223.22,151.0
612,you,you,223.22,223.32,151.0
613,do,do,223.32,223.48,151.0
614,when,when,223.48,223.6,151.0
615,you,you,223.6,223.7,152.0
616,land,land,223.7,224.23,152.0
617,it’s,it's,224.24,224.42,152.0
618,where,where,224.42,224.49,152.0
619,you,you,224.49,224.77,152.0
620,basically,basically,224.78,225.34,152.0
621,it’s,it's,225.34,225.44,153.0
622,what,what,225.44,225.53,153.0
623,it,it,225.53,225.59,153.0
624,sounds,sounds,225.59,225.83,153.0
625,like,like,225.83,225.98,153.0
626,You,you,225.98,226.05,153.0
627,drop,drop,226.05,226.35,153.0
628,and,and,226.349999,226.459999,153.0
629,you,you,226.46,226.52,153.0
630,roll,roll,226.52,226.82,154.0
631,same,same,226.84,227.01,154.0
632,thing,thing,227.01,227.13,154.0
633,you,you,227.13,227.26,154.0
634,would,would,227.2,227.2,154.0
635,do,do,227.259999,227.359999,154.0
636,if,if,227.36,227.44,154.0
637,you,you,227.44,227.5,154.0
638,were,were,227.5,227.58,154.0
639,on,on,227.58,227.72,154.0
640,fire,fire,227.74,228.29,154.0
641,And,and,229.04,229.19,155.0
642,she,she,229.19,229.61,155.0
643,she,she,229.83,230.09,156.0
644,demonstrates,demonstrates,230.09,230.72,156.0
645,it,it,230.719999,230.889999,156.0
646,uh,uh,230.92,231.22,156.0
647,for,for,231.27,231.68,157.0
648,me,me,231.679999,231.819999,157.0
649,like,like,231.82,232.01,157.0
650,you,you,231.9,231.9,157.0
651,know,know,232.0,232.0,157.0
652,a,a,232.01,232.06,157.0
653,Romanian,romanian,232.26,232.78,157.0
654,gymnast,gymnast,232.779999,233.389999,158.0
655,and,and,233.84,234.1,158.0
656,she,she,234.109999,234.269999,159.0
657,says,says,234.27,234.64,159.0
658,you,you,234.65,234.75,159.0
659,know,know,234.75,234.89,159.0
660,Okay,okay,234.89,235.05,159.0
661,y,y,235.05,235.07,159.0
662,you,you,235.08,235.33,159.0
663,try,try,235.33,235.59,159.0
664,it,it,235.59,235.7,160.0
665,now,now,235.7,236.02,160.0
666,And,and,236.06,236.32,160.0
667,uh,uh,236.32,236.45,160.0
668,she,she,236.46,236.82,160.0
669,helps,helps,236.83,237.06,160.0
670,me,me,237.06,237.16,161.0
671,back,back,237.16,237.34,161.0
672,up,up,237.34,237.45,161.0
673,onto,onto,237.45,237.56,161.0
674,the,the,237.56,237.65,161.0
675,box,box,237.65,237.88,161.0
676,she,she,237.88,238.0,161.0
677,says,says,238.0,238.23,161.0
678,Just,just,238.24,238.42,161.0
679,hop,hop,238.42,238.67,161.0
680,on,on,238.67,238.78,162.0
681,the,the,238.78,238.89,162.0
682,bus,bus,238.89,239.17,162.0
683,Gus,gus,239.17,239.68,162.0
684,And,and,242.15,242.74,164.0
685,I,i,242.809999,242.939999,164.0
686,think,think,242.94,243.2,164.0
687,nice,nice,243.2,243.54,165.0
688,we,we,243.54,243.69,165.0
689,have,have,243.69,243.84,165.0
690,something,something,243.84,244.19,165.0
691,in,in,244.19,244.32,165.0
692,common,common,244.32,244.82,165.0
693,you,you,244.83,244.95,166.0
694,know,know,244.95,245.24,166.0
695,her,her,246.17,246.32,167.0
696,parents,parents,246.32,246.81,167.0
697,or,or,246.809999,246.879999,167.0
698,her,her,246.88,247.03,167.0
699,grandparents,grandparents,247.03,247.77,167.0
700,were,were,247.77,247.94,168.0
701,fans,fans,247.94,248.46,168.0
702,of,of,248.48,248.78,168.0
703,uh,uh,248.78,249.02,168.0
704,Paul,paul,249.049999,249.479999,169.0
705,Simon,simon,249.62,250.23,169.0
706,So,so,253.02,253.73,171.0
707,I,i,253.77,254.2,172.0
708,um,um,254.25,254.83,172.0
709,get,get,254.85,255.01,172.0
710,up,up,255.01,255.08,173.0
711,on,on,255.08,255.16,173.0
712,the,the,255.16,255.24,173.0
713,box,box,255.24,255.88,173.0
714,hold,hold,256.81,257.06,174.0
715,onto,onto,257.06,257.27,174.0
716,her,her,257.27,257.33,174.0
717,shoulder,shoulder,257.33,257.69,174.0
718,to,to,257.69,257.78,174.0
719,steady,steady,257.78,258.08,174.0
720,myself,myself,258.08,258.49,175.0
721,and,and,258.5,258.67,175.0
722,because,because,258.67,258.89,175.0
723,I,i,258.89,258.96,175.0
724,just,just,258.96,259.11,175.0
725,wanted,wanted,259.11,259.26,175.0
726,to,to,259.26,259.31,175.0
727,hold,hold,259.31,259.47,175.0
728,onto,onto,259.47,259.63,175.0
729,her,her,259.63,259.66,176.0
730,shoulder,shoulder,259.66,260.09,176.0
731,and,and,260.41,260.92,176.0
732,um,um,260.97,261.32,176.0
733,I,i,261.34,261.45,177.0
734,say,say,261.45,261.86,177.0
735,I,i,261.91,262.06,177.0
736,am,am,262.059999,262.169999,177.0
737,a,a,262.17,262.24,177.0
738,rock,rock,262.24,262.61,177.0
739,and,and,262.67,262.84,178.0
740,I,i,262.84,262.9,178.0
741,drop,drop,262.9,263.24,178.0
742,like,like,263.259999,263.489999,178.0
743,a,a,263.49,263.56,178.0
744,stone,stone,263.58,263.94,178.0
745,And,and,266.71,267.07,180.0
746,she,she,267.07,267.55,181.0
747,just,just,267.57,267.83,181.0
748,giggles,giggles,267.92,268.75,181.0
749,adorably,<unk>,268.76,269.52,182.0
750,and,and,270.209999,270.529999,183.0
751,helps,helps,270.529999,270.819999,183.0
752,me,me,270.82,271.0,183.0
753,up,up,271.01,271.45,183.0
754,and,and,271.52,271.74,184.0
755,as,as,271.74,271.84,184.0
756,she’s,she's,271.84,272.03,184.0
757,picking,picking,272.03,272.26,184.0
758,the,the,272.26,272.35,184.0
759,gravel,gravel,272.35,272.79,184.0
760,out,out,272.8,272.91,184.0
761,of,of,272.91,273.06,184.0
762,the,the,273.06,273.13,185.0
763,palms,palms,273.13,273.54,185.0
764,of,of,273.54,273.6,185.0
765,my,my,273.63,273.84,185.0
766,hands,hands,273.84,274.55,185.0
767,she,she,274.85,275.0,186.0
768,says,says,275.0,275.27,186.0
769,That’s,that's,275.35,275.59,186.0
770,pretty,pretty,275.6,275.81,186.0
771,much,much,275.81,276.03,186.0
772,all,all,276.03,276.15,187.0
773,there,there,276.15,276.28,187.0
774,is,is,276.28,276.45,187.0
775,to,to,276.48,276.66,187.0
776,it,it,276.66,277.0,187.0
777,Which,which,278.429999,278.629999,188.0
778,would,would,278.63,278.68,188.0
779,be,be,278.69,278.8,188.0
780,TRUE,TRUE,278.8,279.16,188.0
781,if,if,279.179999,279.299999,189.0
782,she,she,279.3,279.4,189.0
783,were,were,279.4,279.5,189.0
784,teaching,teaching,279.5,279.81,189.0
785,me,me,279.809999,279.909999,189.0
786,to,to,279.91,280.03,189.0
787,jump,jump,280.03,280.3,189.0
788,off,off,280.3,280.47,189.0
789,of,of,280.469999,280.519999,189.0
790,a,a,280.52,280.55,190.0
791,milk,milk,280.559999,280.809999,190.0
792,crate,crate,280.82,281.27,190.0
793,I,i,283.46,283.6,191.0
794,could’ve,could've,283.599999,283.849999,192.0
795,gotten,gotten,283.849999,284.079999,192.0
796,my,my,284.08,284.18,192.0
797,diploma,diploma,284.179999,284.679999,192.0
798,and,and,284.679999,284.789999,192.0
799,just,just,284.79,284.93,192.0
800,gone,gone,284.929999,285.159999,192.0
801,home,home,285.16,285.51,193.0
802,Um,um,286.08,286.72,193.0
803,for,for,286.799999,286.889999,194.0
804,the,the,286.889999,286.949999,194.0
805,next,next,286.949999,287.129999,194.0
806,two,two,287.15,287.34,194.0
807,hours,hours,287.34,287.85,194.0
808,uh,uh,287.91,288.12,194.0
809,we,we,288.119999,288.239999,195.0
810,kind,kind,288.24,288.42,195.0
811,of,of,288.42,288.49,195.0
812,gradually,gradually,288.51,289.09,195.0
813,raised,raised,289.09,289.75,195.0
814,the,the,289.75,289.85,196.0
815,diving,diving,289.86,290.33,196.0
816,platform,platform,290.33,291.08,196.0
817,the,the,291.08,291.19,197.0
818,you,you,291.24,291.35,197.0
819,know,know,291.35,291.47,197.0
820,the,the,291.47,291.58,197.0
821,practice,practice,291.58,292.0,197.0
822,platform,platform,292.01,292.55,197.0
823,from,from,292.55,292.68,198.0
824,this,this,292.68,292.84,198.0
825,milk,milk,292.84,293.05,198.0
826,crate,crate,293.06,293.33,198.0
827,to,to,293.34,293.45,198.0
828,a,a,293.45,293.52,198.0
829,kitchen,kitchen,293.52,293.86,198.0
830,chair,chair,293.86,294.18,198.0
831,to,to,294.18,294.28,199.0
832,an,an,294.28,294.34,199.0
833,aluminum,aluminum,294.34,294.81,199.0
834,uh,uh,295.24,295.41,199.0
835,kitchen,kitchen,295.43,295.79,199.0
836,dinette,<unk>,295.8,296.21,200.0
837,uh,uh,296.75,296.95,200.0
838,table,table,296.95,297.49,200.0
839,to,to,297.52,297.75,201.0
840,a,a,297.75,297.84,201.0
841,painter’s,<unk>,297.84,298.2,201.0
842,ladder,ladder,298.23,298.6,201.0
843,to,to,298.77,298.9,202.0
844,five,five,298.9,299.16,202.0
845,thousand,thousand,299.16,299.49,202.0
846,feet,feet,299.49,299.7,202.0
847,above,above,299.7,299.99,202.0
848,sea,sea,299.99,300.21,202.0
849,level,level,300.21,300.56,203.0
850,Um,um,301.469999,301.769999,203.0
851,up,up,302.03,302.14,204.0
852,in,in,302.139999,302.199999,204.0
853,the,the,302.2,302.31,204.0
854,plane,plane,302.309999,302.809999,204.0
855,uh,uh,302.86,303.06,204.0
856,she,she,303.089999,303.229999,205.0
857,shows,shows,303.23,303.45,205.0
858,me,me,303.45,303.54,205.0
859,this,this,303.54,303.68,205.0
860,canvas,canvas,303.679999,303.969999,205.0
861,strap,strap,303.98,304.33,205.0
862,which,which,304.34,304.47,205.0
863,is,is,304.469999,304.589999,205.0
864,called,called,304.59,304.8,206.0
865,a,a,304.799999,304.809999,206.0
866,static,static,304.82,305.36,206.0
867,line,line,305.359999,305.659999,206.0
868,it’s,it's,305.690001,305.720001,206.0
869,attached,attached,305.719999,306.049999,206.0
870,to,to,306.049999,306.119999,207.0
871,the,the,306.119999,306.219999,207.0
872,plane,plane,306.22,306.52,207.0
873,and,and,306.53,306.65,207.0
874,it’s,it's,306.65,306.74,207.0
875,attached,attached,306.74,307.05,207.0
876,to,to,307.05,307.11,207.0
877,my,my,307.11,307.25,207.0
878,chute,<unk>,307.25,307.63,207.0
879,Um,um,307.97,308.25,208.0
880,it,it,308.27,308.38,208.0
881,will,will,308.38,308.55,208.0
882,open,open,308.55,308.79,208.0
883,my,my,308.79,308.9,208.0
884,chute,<unk>,308.9,309.1,208.0
885,automatically,automatically,309.1,309.87,209.0
886,when,when,309.92,310.07,209.0
887,I,i,310.07,310.14,209.0
888,jump,jump,310.15,310.37,209.0
889,out,out,310.37,310.57,209.0
890,so,so,310.57,310.71,210.0
891,I,i,310.71,310.78,210.0
892,won’t,won't,310.78,310.95,210.0
893,have,have,310.95,311.05,210.0
894,to,to,311.05,311.15,210.0
895,worry,worry,311.15,311.38,210.0
896,about,about,311.38,311.61,210.0
897,anything,anything,311.61,312.0,210.0
898,Um,um,312.47,313.04,211.0
899,and,and,312.5,312.5,211.0
900,she,she,313.26,313.39,211.0
901,tugs,tugs,313.39,313.66,211.0
902,on,on,313.66,313.78,212.0
903,it,it,313.78,313.86,212.0
904,a,a,313.86,313.89,212.0
905,couple,couple,313.89,314.07,212.0
906,of,of,314.07,314.15,212.0
907,times,times,314.15,314.42,212.0
908,to,to,314.42,314.51,212.0
909,demonstrate,demonstrate,314.51,315.03,212.0
910,that,that,315.04,315.19,213.0
911,it,it,315.19,315.26,213.0
912,can,can,315.26,315.34,213.0
913,withstand,withstand,315.349999,315.879999,213.0
914,the,the,315.889999,316.009999,213.0
915,full,full,316.01,316.29,213.0
916,upper,upper,316.29,316.47,213.0
917,body,body,316.469999,316.749999,213.0
918,strength,strength,316.75,317.1,214.0
919,of,of,317.099999,317.179999,214.0
920,a,a,317.179999,317.229999,214.0
921,teenage,teenage,317.23,317.76,214.0
922,girl,girl,317.96,318.42,214.0
923,And,and,322.699999,322.929999,218.0
924,then,then,322.93,323.24,218.0
925,she,she,323.289999,323.439999,218.0
926,puts,puts,323.440001,323.660001,218.0
927,one,one,323.66,323.87,218.0
928,hand,hand,323.869999,324.199999,218.0
929,on,on,324.199999,324.329999,219.0
930,either,either,324.33,324.53,219.0
931,of,of,324.53,324.62,219.0
932,my,my,324.62,324.74,219.0
933,cheeks,cheeks,324.74,325.34,219.0
934,leans,leans,325.52,325.77,220.0
935,in,in,325.77,325.89,220.0
936,close,close,325.89,326.31,220.0
937,stares,stares,326.32,326.7,220.0
938,in,in,326.7,326.9,220.0
939,through,through,326.91,327.22,220.0
940,you,you,327.22,327.33,221.0
941,know,know,327.33,327.47,221.0
942,through,through,327.47,327.79,221.0
943,the,the,327.79,327.92,221.0
944,fog,fog,327.92,328.4,221.0
945,in,in,328.4,328.49,221.0
946,my,my,328.49,328.64,221.0
947,orange,orange,328.64,328.98,222.0
948,goggles,goggles,328.98,329.49,222.0
949,that,that,329.95,330.1,222.0
950,I’m,i'm,330.1,330.25,223.0
951,wearing,wearing,330.31,330.86,223.0
952,and,and,330.93,331.14,223.0
953,says,says,331.14,331.33,223.0
954,Listen,listen,331.33,331.61,223.0
955,when,when,331.61,331.74,224.0
956,I,i,331.74,331.85,224.0
957,say,say,331.86,332.23,224.0
958,go,go,332.24,332.74,224.0
959,you,you,332.76,332.91,224.0
960,just,just,332.91,333.12,224.0
961,go,go,333.12,333.42,225.0
962,Don’t,don't,333.429999,333.699999,225.0
963,think,think,333.71,334.18,225.0
964,Um,um,334.67,335.05,226.0
965,she,she,335.059999,335.189999,226.0
966,says,says,335.19,335.82,226.0
967,If,if,335.87,336.02,226.0
968,you’re,you’re,335.9,335.9,226.0
969,getting,getting,336.0,336.0,227.0
970,cold,cold,336.59,336.87,227.0
971,feet,feet,336.87,337.24,227.0
972,you,you,337.25,337.37,227.0
973,know,know,337.37,337.79,227.0
974,if,if,337.4,337.4,227.0
975,you,you,338.219999,338.249999,228.0
976,need,need,338.25,338.38,228.0
977,a,a,338.38,338.39,228.0
978,little,little,338.389999,338.579999,228.0
979,help,help,338.589999,338.949999,228.0
980,don’t,don't,339.009999,339.179999,229.0
981,be,be,339.19,339.27,229.0
982,embarrassed,embarrassed,339.27,340.1,229.0
983,everybody,everybody,340.15,340.58,229.0
984,you,you,340.59,340.69,230.0
985,know,know,340.690001,340.820001,230.0
986,gets,gets,340.82,341.05,230.0
987,like,like,341.049999,341.219999,230.0
988,that,that,341.219999,341.519999,230.0
989,Um,um,341.879999,342.119999,230.0
990,I’ll,i'll,342.129999,342.259999,231.0
991,just,just,342.26,342.49,231.0
992,give,give,342.49,342.62,231.0
993,you,you,342.62,342.78,231.0
994,a,a,342.78,342.84,231.0
995,little,little,342.84,343.12,231.0
996,shove,shove,343.13,343.57,231.0
997,Um,um,344.47,344.92,232.0
998,and,and,346.19,346.33,233.0
999,then,then,346.33,346.42,233.0
1000,she,she,346.42,346.57,233.0
1001,says,says,346.57,347.02,234.0
1002,Don’t,don't,347.1,347.34,234.0
1003,worry,worry,347.34,347.71,234.0
1004,I’ll,i'll,347.77,347.93,234.0
1005,be,be,347.94,348.08,234.0
1006,gentle,gentle,348.08,348.73,235.0
1007,So,so,350.51,350.74,236.0
1008,between,between,350.74,351.0,236.0
1009,the,the,351.0,351.09,237.0
1010,altitude,altitude,351.09,351.73,237.0
1011,and,and,351.74,351.81,237.0
1012,like,like,351.87,351.99,237.0
1013,the,the,351.99,352.07,237.0
1014,pillow,pillow,352.07,352.33,237.0
1015,talk,talk,352.33,352.81,237.0
1016,I,i,353.07,353.28,238.0
1017,am,am,353.28,353.46,238.0
1018,in,in,353.46,353.66,238.0
1019,basically,basically,353.69,354.57,238.0
1020,in,in,355.24,355.61,239.0
1021,a,a,355.65,355.74,240.0
1022,lovesick,<unk>,355.74,356.47,240.0
1023,you,you,356.52,356.67,240.0
1024,know,know,356.67,356.83,240.0
1025,trance,trance,356.88,357.61,240.0
1026,and,and,357.639999,357.789999,241.0
1027,I’ll,i'll,357.79,357.93,241.0
1028,do,do,357.929999,358.179999,241.0
1029,anything,anything,358.219999,358.819999,241.0
1030,for,for,358.859999,359.049999,242.0
1031,her,her,359.049999,359.359999,242.0
1032,I,i,359.359999,359.439999,242.0
1033,will,will,359.440001,359.640001,242.0
1034,shoot,shoot,359.639999,360.019999,242.0
1035,myself,myself,360.059999,360.569999,243.0
1036,if,if,360.58,360.67,243.0
1037,I,i,360.74,360.75,243.0
1038,think,think,360.76,360.94,243.0
1039,it,it,360.94,361.03,243.0
1040,makes,makes,361.03,361.23,243.0
1041,me,me,361.23,361.36,243.0
1042,look,look,361.36,361.53,243.0
1043,brave,brave,361.54,362.12,244.0
1044,for,for,363.15,363.27,245.0
1045,her,her,363.27,363.67,245.0
1046,But,but,364.47,364.89,245.0
1047,uh,uh,365.17,365.44,246.0
1048,when,when,365.44,365.61,246.0
1049,I,i,365.61,365.67,246.0
1050,hop,hop,365.67,365.94,246.0
1051,out,out,365.94,366.25,246.0
1052,on,on,366.28,366.61,247.0
1053,onto,onto,366.68,367.04,247.0
1054,the,the,367.04,367.15,247.0
1055,wing,wing,367.15,367.36,247.0
1056,and,and,367.36,367.44,247.0
1057,I,i,367.44,367.52,247.0
1058,look,look,367.52,367.7,248.0
1059,down,down,367.7,367.92,248.0
1060,at,at,367.8,367.8,248.0
1061,all,all,367.9,367.9,248.0
1062,those,those,368.0,368.0,248.0
1063,like,like,368.25,368.36,248.0
1064,pointy,pointy,368.61,369.07,248.0
1065,steeples,<unk>,369.08,369.73,249.0
1066,and,and,369.73,369.98,249.0
1067,pine,pine,369.98,370.4,249.0
1068,trees,trees,370.4,370.92,249.0
1069,I,i,371.21,371.34,250.0
1070,get,get,371.34,371.52,250.0
1071,a,a,371.52,371.53,250.0
1072,little,little,371.53,371.69,250.0
1073,cold,cold,371.69,371.98,250.0
1074,feet,feet,371.98,372.26,250.0
1075,have,have,372.29,372.38,251.0
1076,some,some,372.38,372.5,251.0
1077,second,second,372.5,372.83,251.0
1078,thoughts,thoughts,372.849999,373.159999,251.0
1079,and,and,373.16,373.32,251.0
1080,when,when,373.32,373.4,251.0
1081,she,she,373.4,373.53,251.0
1082,yells,yells,373.61,373.89,252.0
1083,Go,go,374.42,375.13,252.0
1084,uh,uh,375.41,375.58,253.0
1085,I,i,375.63,375.74,253.0
1086,say,say,375.74,375.93,253.0
1087,Uh,uh,375.98,376.13,253.0
1088,uh,uh,376.0,376.0,253.0
1089,but,but,376.67,376.82,254.0
1090,she,she,376.82,376.91,254.0
1091,doesn’t,doesn't,376.91,377.09,254.0
1092,hear,hear,377.09,377.31,254.0
1093,me,me,377.309999,377.609999,254.0
1094,and,and,377.779999,377.889999,254.0
1095,she,she,377.889999,378.029999,254.0
1096,actually,actually,378.029999,378.379999,255.0
1097,says,says,378.39,378.74,255.0
1098,Geronimo,<unk>,378.79,379.56,255.0
1099,and,and,379.58,379.7,256.0
1100,she,she,379.7,379.82,256.0
1101,gives,gives,379.82,379.97,256.0
1102,me,me,379.97,380.09,256.0
1103,a,a,380.09,380.13,256.0
1104,shove,shove,380.13,380.5,256.0
1105,and,and,380.51,380.65,256.0
1106,I’m,i'm,380.65,380.79,256.0
1107,gone,gone,380.79,381.1,256.0
1108,Um,um,382.22,382.69,257.0
1109,and,and,382.7,382.81,258.0
1110,I,i,382.81,382.88,258.0
1111,look,look,382.88,383.05,258.0
1112,up,up,383.05,383.28,258.0
1113,and,and,383.28,383.37,258.0
1114,I,i,383.37,383.44,258.0
1115,just,just,383.46,383.63,258.0
1116,see,see,383.63,383.86,258.0
1117,her,her,383.86,383.99,258.0
1118,terrified,terrified,383.99,384.5,258.0
1119,eyes,eyes,384.52,385.04,259.0
1120,and,and,385.05,385.17,259.0
1121,that’s,that's,385.17,385.3,259.0
1122,when,when,385.3,385.44,259.0
1123,I,i,385.44,385.51,259.0
1124,hear,hear,385.51,385.69,260.0
1125,her,her,385.69,385.85,260.0
1126,say,say,385.85,386.18,260.0
1127,Wait,wait,386.2,386.47,260.0
1128,wait,wait,386.47,386.71,260.0
1129,your,your,386.71,386.87,260.0
1130,chute,<unk>,386.88,387.35,260.0
1131,It’s,it's,387.46,388.05,261.0
1132,And,and,390.0,390.21,263.0
1133,really,really,390.21,390.55,263.0
1134,like,like,390.57,390.74,263.0
1135,the,the,390.75,390.86,263.0
1136,pathetic,pathetic,390.86,391.58,263.0
1137,inadequacy,inadequacy,391.63,392.5,264.0
1138,of,of,392.509999,392.639999,264.0
1139,a,a,392.639999,392.679999,264.0
1140,two,two,392.679999,392.969999,264.0
1141,hour,hour,392.969999,393.209999,264.0
1142,skydiving,skydiving,393.219999,394.059999,265.0
1143,lesson,lesson,394.059999,394.579999,265.0
1144,hits,hits,394.639999,394.989999,266.0
1145,home,home,394.99,395.44,266.0
1146,right,right,395.609999,395.889999,266.0
1147,then,then,395.889999,396.089999,266.0
1148,I,i,398.66,398.74,268.0
1149,mean,mean,398.74,398.92,268.0
1150,it,it,398.92,398.99,268.0
1151,took,took,398.99,399.19,268.0
1152,me,me,399.19,399.31,269.0
1153,longer,longer,399.31,399.63,269.0
1154,than,than,399.63,399.76,269.0
1155,that,that,399.76,399.96,269.0
1156,to,to,399.96,400.06,269.0
1157,learn,learn,400.06,400.3,269.0
1158,how,how,400.3,400.42,269.0
1159,to,to,400.42,400.5,269.0
1160,knit,knit,400.5,400.88,270.0
1161,So,so,404.16,404.32,272.0
1162,I’m,i'm,404.32,404.44,272.0
1163,heading,heading,404.44,404.66,272.0
1164,for,for,404.66,404.74,272.0
1165,the,the,404.74,404.84,272.0
1166,powerlines,<unk>,404.84,405.41,272.0
1167,uh,uh,405.46,405.67,273.0
1168,down,down,405.7,405.92,273.0
1169,below,below,405.92,406.14,273.0
1170,me,me,406.139999,406.339999,273.0
1171,and,and,406.34,406.38,273.0
1172,like,like,406.45,406.59,273.0
1173,reflexing,<unk>,406.59,407.52,274.0
1174,you,you,407.53,407.66,274.0
1175,know,know,407.66,407.81,274.0
1176,just,just,407.809999,407.989999,274.0
1177,reflexively,<unk>,407.99,408.41,274.0
1178,kind,kind,408.53,408.67,275.0
1179,of,of,408.67,408.71,275.0
1180,squeezing,squeezing,408.75,409.14,275.0
1181,my,my,409.139999,409.249999,275.0
1182,legs,legs,409.25,409.67,275.0
1183,uh,uh,409.73,409.89,276.0
1184,together,together,409.929999,410.309999,276.0
1185,so,so,410.309999,410.409999,276.0
1186,that,that,410.41,410.53,276.0
1187,I,i,410.53,410.58,276.0
1188,won’t,won't,410.58,410.79,276.0
1189,die,die,410.799999,411.149999,276.0
1190,you,you,411.15,411.26,277.0
1191,know,know,411.259999,411.369999,277.0
1192,sliced,sliced,411.37,411.85,277.0
1193,up,up,411.849999,411.969999,277.0
1194,the,the,411.969999,412.069999,277.0
1195,middle,middle,412.07,412.38,277.0
1196,like,like,413.1,413.26,278.0
1197,a,a,413.26,413.34,278.0
1198,couple,couple,413.34,413.66,278.0
1199,of,of,413.66,413.8,278.0
1200,flounder,flounder,414.109999,414.779999,279.0
1201,fillets,fillets,415.199999,415.599999,279.0
1202,And,and,416.6,416.85,280.0
1203,I’m,i'm,416.85,417.0,280.0
1204,just,just,417.0,417.23,281.0
1205,like,like,417.23,417.44,281.0
1206,praying,praying,417.45,418.2,281.0
1207,my,my,418.2,418.33,281.0
1208,life,life,418.33,418.63,281.0
1209,doesn’t,doesn't,418.63,418.9,282.0
1210,flash,flash,418.9,419.23,282.0
1211,before,before,419.23,419.56,282.0
1212,my,my,419.56,419.76,282.0
1213,eyes,eyes,419.76,420.44,282.0
1214,and,and,420.51,420.7,283.0
1215,ruin,ruin,420.7,420.91,283.0
1216,the,the,420.91,421.01,283.0
1217,last,last,421.01,421.28,283.0
1218,couple,couple,421.28,421.56,283.0
1219,of,of,421.56,421.58,284.0
1220,minutes,minutes,421.59,421.97,284.0
1221,I,i,421.97,422.08,284.0
1222,have,have,422.09,422.66,284.0
1223,when,when,433.57,433.82,292.0
1224,suddenly,suddenly,433.82,434.37,292.0
1225,I,i,434.4,434.56,292.0
1226,feel,feel,434.56,434.96,292.0
1227,a,a,434.96,435.08,292.0
1228,jolt,jolt,435.15,435.6,293.0
1229,and,and,435.66,435.81,293.0
1230,I’m,i'm,435.81,435.93,293.0
1231,yanked,yanked,436.01,436.49,293.0
1232,around,around,436.49,437.32,293.0
1233,and,and,437.45,437.84,294.0
1234,this,this,437.84,438.08,294.0
1235,big,big,438.08,438.66,295.0
1236,white,white,438.71,439.1,295.0
1237,fluffy,fluffy,439.4,439.96,295.0
1238,beautiful,beautiful,439.96,440.45,296.0
1239,canopy,canopy,440.45,441.12,296.0
1240,opens,opens,441.29,441.79,297.0
1241,above,above,441.84,442.15,297.0
1242,me,me,442.15,442.39,297.0
1243,and,and,442.73,442.89,298.0
1244,I’m,i'm,442.889999,443.059999,298.0
1245,floating,floating,443.059999,443.709999,298.0
1246,to,to,443.719999,443.829999,298.0
1247,earth,earth,443.83,444.15,298.0
1248,in,in,444.2,444.45,299.0
1249,dead,dead,444.45,444.74,299.0
1250,silence,silence,444.74,445.26,299.0
1251,It,it,445.27,445.29,299.0
1252,is,is,445.309999,445.519999,299.0
1253,really,really,445.52,445.86,300.0
1254,quiet,quiet,445.86,446.41,300.0
1255,So,so,446.82,446.98,300.0
1256,I,i,446.98,447.07,300.0
1257,can,can,447.07,447.31,301.0
1258,really,really,447.32,447.96,301.0
1259,hear,hear,447.96,448.26,301.0
1260,my,my,448.26,448.42,301.0
1261,heart,heart,448.43,448.74,301.0
1262,pounding,pounding,449.33,449.67,302.0
1263,When,when,451.84,451.97,304.0
1264,I,i,451.97,452.03,304.0
1265,get,get,452.03,452.14,304.0
1266,down,down,452.16,452.72,304.0
1267,and,and,452.8,452.96,304.0
1268,I,i,452.96,453.01,304.0
1269,drag,drag,453.01,453.28,305.0
1270,all,all,453.28,453.42,305.0
1271,my,my,453.42,453.64,305.0
1272,my,my,453.67,453.88,305.0
1273,gear,gear,453.89,454.37,305.0
1274,you,you,454.37,454.51,305.0
1275,know,know,454.4,454.4,305.0
1276,the,the,454.5,454.5,306.0
1277,helmet,helmet,454.6,454.6,306.0
1278,and,and,454.7,454.7,306.0
1279,the,the,454.99,455.1,306.0
1280,straps,straps,455.1,455.45,306.0
1281,and,and,455.45,455.49,306.0
1282,the,the,455.5,455.5,306.0
1283,chute,chute,455.6,455.6,306.0
1284,you,you,455.66,455.85,306.0
1285,know,know,455.97,456.05,306.0
1286,through,through,456.05,456.23,307.0
1287,this,this,456.1,456.1,307.0
1288,the,the,456.84,457.11,307.0
1289,onion,onion,457.14,457.52,307.0
1290,field,field,457.52,458.11,308.0
1291,back,back,458.19,458.46,308.0
1292,over,over,458.46,458.63,308.0
1293,to,to,458.63,458.74,308.0
1294,the,the,458.74,458.87,308.0
1295,office,office,458.87,459.44,308.0
1296,Annette,annette,460.28,460.57,309.0
1297,is,is,460.59,460.72,310.0
1298,already,already,460.719999,460.909999,310.0
1299,there,there,460.91,461.06,310.0
1300,waiting,waiting,461.059999,461.329999,310.0
1301,for,for,461.33,461.51,310.0
1302,me,me,461.509999,461.579999,310.0
1303,and,and,461.58,461.63,310.0
1304,she’s,she's,461.63,461.74,310.0
1305,holding,holding,461.74,461.97,310.0
1306,this,this,461.969999,462.089999,310.0
1307,plastic,plastic,462.099999,462.449999,311.0
1308,cup,cup,462.46,462.61,311.0
1309,with,with,462.61,462.68,311.0
1310,the,the,462.679999,462.779999,311.0
1311,complimentary,complimentary,462.78,463.4,311.0
1312,sparkling,sparkling,463.4,463.86,311.0
1313,wine,wine,463.87,464.21,312.0
1314,they,they,464.21,464.32,312.0
1315,talked,talked,464.32,464.6,312.0
1316,about,about,464.599999,464.929999,312.0
1317,in,in,465.519999,465.619999,313.0
1318,the,the,465.79,465.92,313.0
1319,brochure,brochure,466.15,466.78,313.0
1320,and,and,466.799999,466.949999,314.0
1321,she's,she's,466.949999,467.189999,314.0
1322,just,just,467.190001,467.420001,314.0
1323,beaming,beaming,467.559999,468.339999,314.0
1324,And,and,468.91,469.25,315.0
1325,I,i,469.25,469.3,315.0
1326,walk,walk,469.3,469.53,315.0
1327,up,up,469.54,469.66,316.0
1328,to,to,469.66,469.77,316.0
1329,her,her,469.77,469.97,316.0
1330,and,and,469.98,470.06,316.0
1331,I,i,470.06,470.13,316.0
1332,say,say,470.13,470.32,316.0
1333,What,what,470.43,470.73,316.0
1334,the,the,470.75,470.96,316.0
1335,fuck,fuck,470.97,471.82,316.0
1336,you,you,474.03,474.16,319.0
1337,know,know,474.16,474.34,319.0
1338,was,was,474.38,474.61,319.0
1339,that,that,474.64,475.34,319.0
1340,And,and,476.87,477.06,320.0
1341,she,she,477.059999,477.219999,321.0
1342,giggles,giggles,477.22,477.82,321.0
1343,and,and,478.24,478.62,321.0
1344,she,she,478.67,478.83,322.0
1345,says,says,478.83,479.03,322.0
1346,You,you,479.33,479.46,322.0
1347,know,know,479.46,479.76,322.0
1348,you,you,479.809999,479.979999,322.0
1349,seemed,seemed,479.98,480.27,322.0
1350,like,like,480.27,480.39,323.0
1351,a,a,480.389999,480.439999,323.0
1352,cool,cool,480.44,480.77,323.0
1353,guy,guy,480.77,481.27,323.0
1354,so,so,482.059999,482.549999,324.0
1355,I,i,482.58,482.66,324.0
1356,wanted,wanted,482.66,482.92,324.0
1357,you,you,482.92,483.06,324.0
1358,to,to,483.0,483.0,325.0
1359,have,have,483.07,483.24,325.0
1360,a,a,483.24,483.31,325.0
1361,really,really,483.309999,483.579999,325.0
1362,awesome,awesome,483.62,484.18,325.0
1363,jump,jump,484.18,484.68,325.0
1364,So,so,486.16,486.51,327.0
1365,the,the,486.52,486.68,327.0
1366,little,little,486.68,487.25,327.0
1367,parachute,parachute,487.56,488.11,328.0
1368,malfunction,malfunction,488.12,488.93,328.0
1369,thing,thing,488.94,489.39,328.0
1370,was,was,489.49,489.67,329.0
1371,to,to,489.67,489.79,329.0
1372,spike,spike,489.79,490.14,329.0
1373,your,your,490.14,490.27,329.0
1374,adrenaline,adrenaline,490.27,490.84,329.0
1375,at,at,490.85,490.89,330.0
1376,the,the,490.9,491.04,330.0
1377,last,last,491.04,491.36,330.0
1378,minute,minute,491.36,491.62,330.0
1379,That’s,that's,495.65,495.99,333.0
1380,what,what,495.99,496.17,333.0
1381,I,i,496.17,496.33,333.0
1382,said,said,496.349999,496.729999,333.0
1383,And,and,499.24,499.45,335.0
1384,so,so,499.45,499.6,335.0
1385,I’m,i'm,499.599999,499.789999,336.0
1386,like,like,499.79,499.99,336.0
1387,staring,staring,500.24,500.79,336.0
1388,at,at,500.79,501.08,336.0
1389,her,her,501.08,501.22,337.0
1390,trying,trying,501.219999,501.559999,337.0
1391,to,to,501.559999,501.659999,337.0
1392,think,think,501.67,501.93,337.0
1393,of,of,501.929999,502.079999,337.0
1394,some,some,502.08,502.43,337.0
1395,language,language,502.43,503.06,337.0
1396,this,this,503.08,503.3,338.0
1397,chick,chick,503.299999,503.669999,338.0
1398,might,might,503.67,503.96,338.0
1399,you,you,503.959999,504.059999,338.0
1400,know,know,504.059999,504.179999,339.0
1401,understand,understand,504.18,505.04,339.0
1402,Um,um,505.66,506.37,340.0
1403,you,you,506.42,506.55,340.0
1404,know,know,506.55,506.88,340.0
1405,do,do,506.88,507.0,340.0
1406,you,you,507.0,507.09,341.0
1407,have,have,507.09,507.23,341.0
1408,any,any,507.23,507.36,341.0
1409,idea,idea,507.36,507.57,341.0
1410,how,how,507.57,507.72,341.0
1411,how,how,507.78,507.93,341.0
1412,dangerous,dangerous,507.94,508.57,341.0
1413,how,how,508.57,508.69,342.0
1414,terrifying,terrifying,508.69,509.3,342.0
1415,how,how,509.3,509.44,342.0
1416,illegal,illegal,509.44,509.99,342.0
1417,that,that,509.99,510.2,342.0
1418,probably,probably,510.2,510.72,343.0
1419,was,was,510.72,511.43,343.0
1420,And,and,512.27,512.59,344.0
1421,she,she,512.59,512.68,344.0
1422,says,says,512.679999,512.749999,344.0
1423,Wait,wait,512.92,513.17,344.0
1424,wait,wait,513.17,513.41,345.0
1425,hey,hey,513.41,513.66,345.0
1426,you,you,513.67,513.87,345.0
1427,did,did,513.87,514.13,345.0
1428,it,it,514.13,514.3,345.0
1429,right,right,514.3,514.73,345.0
1430,Before,before,515.2,515.51,346.0
1431,it’s,it's,515.509999,515.659999,346.0
1432,too,too,515.66,515.89,346.0
1433,late,late,515.889999,516.389999,346.0
1434,By,by,520.27,520.45,349.0
1435,which,which,520.449999,520.749999,349.0
1436,she,she,520.76,520.98,350.0
1437,meant,meant,520.98,521.28,350.0
1438,at,at,521.33,521.53,350.0
1439,your,your,521.529999,521.769999,350.0
1440,age,age,521.77,522.59,350.0
1441,So,so,523.47,523.75,351.0
1442,I’m,i'm,523.75,523.89,352.0
1443,trying,trying,523.89,524.09,352.0
1444,to,to,524.09,524.26,352.0
1445,think,think,524.27,524.59,352.0
1446,you,you,524.6,524.72,352.0
1447,know,know,524.72,524.84,352.0
1448,am,am,524.84,524.95,352.0
1449,I,i,524.95,525.03,352.0
1450,going,going,525.03,525.13,353.0
1451,to,to,525.13,525.21,353.0
1452,do,do,525.21,525.39,353.0
1453,this,this,525.39,525.6,353.0
1454,with,with,525.6,525.75,353.0
1455,a,a,525.75,525.81,353.0
1456,knife,knife,525.82,526.2,353.0
1457,or,or,526.2,526.3,353.0
1458,just,just,526.3,526.51,353.0
1459,strangle,strangle,526.51,527.14,354.0
1460,her,her,527.14,527.75,354.0
1461,or,or,528.12,528.27,355.0
1462,beat,beat,528.49,528.73,355.0
1463,her,her,528.73,528.83,355.0
1464,to,to,528.83,529.0,355.0
1465,death,death,529.0,529.74,355.0
1466,when,when,530.44,530.87,356.0
1467,my,my,531.22,531.42,357.0
1468,heart,heart,531.42,531.84,357.0
1469,starts,starts,532.05,532.5,357.0
1470,kind,kind,532.51,532.74,358.0
1471,of,of,532.74,532.88,358.0
1472,slowing,slowing,532.88,533.5,358.0
1473,down,down,533.559999,534.139999,358.0
1474,And,and,534.41,535.12,359.0
1475,what,what,535.13,535.32,359.0
1476,I,i,535.32,535.37,359.0
1477,just,just,535.37,535.56,359.0
1478,did,did,535.559999,535.779999,360.0
1479,sort,sort,535.78,536.03,360.0
1480,of,of,536.03,536.14,360.0
1481,starts,starts,536.139999,536.399999,360.0
1482,sinking,sinking,536.4,536.83,360.0
1483,in,in,536.83,536.99,360.0
1484,you,you,537.0,537.1,361.0
1485,know,know,537.099999,537.209999,361.0
1486,I,i,537.219999,537.319999,361.0
1487,just,just,537.32,537.56,361.0
1488,like,like,537.559999,537.709999,361.0
1489,fell,fell,537.71,537.94,361.0
1490,out,out,537.94,538.16,361.0
1491,a,a,538.24,538.35,361.0
1492,mile,mile,538.35,539.0,361.0
1493,out,out,539.029999,539.169999,362.0
1494,of,of,539.17,539.3,362.0
1495,the,the,539.299999,539.379999,362.0
1496,sky,sky,539.379999,539.759999,362.0
1497,on,on,539.98,540.16,362.0
1498,purpose,purpose,540.199999,540.809999,363.0
1499,and,and,541.199999,541.249999,363.0
1500,without,without,541.26,541.58,363.0
1501,a,a,541.58,541.65,364.0
1502,chute,<unk>,541.65,541.91,364.0
1503,for,for,541.93,542.07,364.0
1504,most,most,542.07,542.31,364.0
1505,of,of,542.31,542.37,364.0
1506,it,it,542.37,542.45,364.0
1507,as,as,542.45,542.53,364.0
1508,far,far,542.53,542.69,364.0
1509,as,as,542.69,542.78,364.0
1510,I’m,i'm,542.78,542.95,364.0
1511,concerned,concerned,542.95,543.41,364.0
1512,And,and,543.72,543.85,365.0
1513,I,i,543.85,543.92,365.0
1514,I,i,544.35,544.48,365.0
1515,dropped,dropped,544.48,545.03,365.0
1516,and,and,545.15,545.33,366.0
1517,I,i,545.33,545.44,366.0
1518,rolled,rolled,545.44,546.03,366.0
1519,and,and,546.05,546.18,367.0
1520,I,i,546.18,546.24,367.0
1521,survived,survived,546.24,547.21,367.0
1522,Um,um,547.66,548.07,368.0
1523,and,and,547.7,547.7,368.0
1524,I,I,547.8,547.8,368.0
1525,think,think,547.9,547.9,368.0
1526,about,about,548.0,548.0,368.0
1527,the,the,548.48,548.54,368.0
1528,little,little,548.54,548.72,368.0
1529,joke,joke,548.72,549.03,368.0
1530,that,that,549.04,549.18,369.0
1531,she,she,549.179999,549.299999,369.0
1532,told,told,549.3,549.53,369.0
1533,me,me,549.53,549.67,369.0
1534,earlier,earlier,549.67,550.09,369.0
1535,how,how,550.09,550.24,369.0
1536,it’s,it's,550.24,550.42,369.0
1537,not,not,550.42,550.6,369.0
1538,the,the,550.599999,550.679999,370.0
1539,fall,fall,550.679999,550.959999,370.0
1540,that,that,550.969999,551.119999,370.0
1541,gets,gets,551.12,551.33,370.0
1542,you,you,551.33,551.45,370.0
1543,it’s,it's,551.45,551.51,370.0
1544,the,the,551.509999,551.609999,370.0
1545,sudden,sudden,551.61,551.91,370.0
1546,stop,stop,551.91,552.3,370.0
1547,And,and,552.309999,552.429999,371.0
1548,I,i,552.429999,552.509999,371.0
1549,think,think,552.52,552.63,371.0
1550,you,you,552.639999,552.759999,371.0
1551,know,know,552.759999,552.989999,371.0
1552,maybe,maybe,553.38,553.64,371.0
1553,she’s,she's,553.639999,553.829999,372.0
1554,right,right,553.83,554.17,372.0
1555,I’m,i'm,554.5,554.68,372.0
1556,not,not,554.679999,554.819999,372.0
1557,going,going,554.82,554.93,372.0
1558,to,to,554.929999,554.999999,372.0
1559,stop,stop,555.0,555.33,373.0
1560,that’s,that's,555.349999,555.579999,373.0
1561,what,what,555.58,555.69,373.0
1562,kills,kills,555.69,555.97,373.0
1563,you,you,555.969999,556.199999,373.0
1564,And,and,556.99,557.16,374.0
1565,so,so,557.16,557.43,374.0
1566,I,i,557.43,557.7,374.0
1567,lock,lock,557.779999,558.239999,374.0
1568,eyes,eyes,558.24,558.5,375.0
1569,with,with,558.51,558.66,375.0
1570,her,her,558.67,559.01,375.0
1571,and,and,559.03,559.13,375.0
1572,I,i,559.13,559.23,375.0
1573,glare,glare,559.28,559.7,375.0
1574,at,at,559.7,559.87,376.0
1575,her,her,559.87,560.25,376.0
1576,and,and,560.47,560.51,376.0
1577,I,i,560.59,560.66,376.0
1578,hope,hope,560.66,560.92,376.0
1579,I’m,i'm,560.92,561.06,376.0
1580,cute,cute,561.06,561.31,377.0
1581,when,when,561.39,561.55,377.0
1582,I’m,i'm,561.55,561.65,377.0
1583,angry,angry,561.65,562.23,377.0
1584,and,and,564.28,564.41,379.0
1585,I,i,564.41,564.48,379.0
1586,sign,sign,564.48,564.74,379.0
1587,up,up,564.74,564.92,379.0
1588,for,for,565.2,565.3,379.0
1589,another,another,565.3,565.54,379.0
1590,lesson,lesson,565.54,565.89,380.0
1591,And,and,568.61,568.74,382.0
1592,I,i,568.74,568.82,382.0
1593,drive,drive,568.83,569.12,382.0
1594,home,home,569.12,569.34,382.0
1595,with,with,569.349999,569.419999,382.0
1596,the,the,569.42,569.47,382.0
1597,top,top,569.469999,569.749999,382.0
1598,down,down,569.789999,570.119999,382.0
1599,Thank,thank,571.139999,571.379999,383.0
1600,you,you,571.379999,571.419999,383.0
